POTUS,slothsforme,ahluv2,akmaindola,e92sam,sammyblulily,nezif60662966,kukkarbunty,pepelep40550189,nightdiva,netsanethayman,mujeebtalks,lisaisme85,lil3sis,larrabeened,leabyssinia100,thomas_m_wilson,mariangela1521,mikeghostwriter,michele_geraci,mahanta_keshari,tommcc642,thinkvreact,tridence,syriamoumin,Mikelivinglife6,tfrederick1118,johnpaul_mejia,sunrisemvmt,theirrelevantp3,thenk0,COP26,tchenzee,RepMalliotakis,willresistadmin,wethepeople0o,yare0311,virgilfrazier20,unitedwecomment,wallstreet1up,richc_va,rstacilee,rollin81879902,queeng719,saavi_siddiqui,shopperann68,scoob48061241,samuelasfaw13,EA_DevCouncil,SolomonMKassa,sebh1981,charpy73,cnoir64,codenamehellboy,cktweeet,bulldmoose1,carolinianthe,ddanpereira,deereimagined,csmuia,crtunez,dankourny,garyblack00,arbto_ader_cuz,EnergyDems,bizuteka,beaderina,jakki2004,DenbrotS,hmb67,Nowzad,ijustwannakno20,kevtink,kimrae2022,jerseygirlnb1,joerobinenjoyer,johnmkeynes1936,elizabeth_d_24,fact72based,head69mut,LDaytrades,gymorjail,flpublicaffairs,goassholejoe,girmahmichael,girumethiopia3
butchornile,Wahboom,NoMoreBlue1,Noel82002324,NotDorseyJack1,OldPrague,Quin4Trump,SlaterBrowne,Speaker4Truth,StillFreeSCOTTY,TJ2020landslide,TrippinBiology,TrumpWonUKnowIt,Una_Alta_Volta,abd130usa22nq,Michel78118339,acfueler,ernestleenot,jen95873143,kcinor,keepitwilder,kithercbaby,porfie_moreno,sgabig,smh8872626,thedude77,tnolwene,tramalot,NoBulls55224206,Maxamegalon2000,yvonnecar20,B26Rick,AdorablePups5,BravoCompany66,MarvinRJeffcoat,CCORDIAL10,Cavitation19,CorkyChris1,CougJoseph,DarrellBuckne13,DorisMele,Francine20171,ICanPlainlySee,ISafeyet,LadyShark57,MarilynLavala,MarlaineDettlo1,truthsearch1957
davidac35075727,brutal_regime,adfiske,brooklynnygirl,OP_Omom,dugpotatoes,paulajean2020,anonManu80,anoncatnews,anthonyzenkus,blackintheempir,cit_uprising,dcslr74,fluidcreativiy,gaijingirl2004,joeywreck,lordmeatballer,mcsquared34,sadybeaches,shoothim5,womenbaseball1,ajamubaraka,TurboKitty,ThiaBallerina,IMDibe,72MichiganPapa,AntheaButler,ArbiterAnubis,CGoustin,ChannelingLlama,Chris_SactoCA,DanniLong4,GoldenC688,GotBeachGlass,GroverforSenate,Jimmi_Lotts,JohnnyAkzam,LeafLee6,LibQn32,MightyM55070329,NateWendt,ProPeace97,QkrSocialist,RED_Illuminatii,Sh4d0w_H34rt,SoSocialism,ThePicketLineGS
dcfairbank,HardLensMedia,KitCabello,jacobin,truthout,usedgov,DanielLuepker,SecCardona,zhang_sharon,TheJusticeDept,kgosztola,Cabinet,Change,ChrisCuomo,Consortiumnews,CraigMurrayOrg,GabrielShipton,FreedomofPress,GravelInstitute,nowthisnews,shadowproofcom,unjoe,wikileaks,xLauren_Mx,miserablelib,nitestarpro,HumanistReport,JordanChariton,KyleKulinski,LainiePetersen,LeeCamp,MikeMacRaeMike,MondaireJones,NYGovCuomo,PatTheBerner,RonPlacone,RossanaFor33,StatusCoup,WhipClyburn,brbeckett,chicago_corner,codepink,commondreams,dancohen3000,jennelizabethj,johnsonjakep
mark3ds,jakejsullivan,thomasjoscelyn,simongerman600,natsecwatson,nahaltoosi,loupalu,Ayei_Eloheichem,ABlinken,BrigMahalingam,heatherbarr1,TerryGlavin,NationalDefence,PDShinkman,PaulSzoldra,SallyArmstrong9,TheTyee,CanadaFP,ThielsChristian,US4AfghanPeace,billroggio,laraseligman,calxandr,dmarusic,MarcGarneau,KyleWOrton,JustinTrudeau,JackDetsch,HarjitSajjan,FranticGoat,EzzatMehrdad,DrIanHall,DaveLapanDC,Cold_Peace_,Charles_Lister,CarlaBabbVOA,CanadaNATO,HMcPhersonMP,CDAInstitute,EliLake,FredLitwin,JohnWrightLive,Quillette,RDiManno,TorontoStar,ZaknafeinDC
krlozruben,amyklobuchar,googleexpertuk,sheba_beta,srodan,susybotello,twovizthink,zophilpott,healthertainer,iBuseGedik,fawcettsociety,MarshaCollier,FiLiA_charity,FloEshalomi,FoodfanStockpt,HelenPankhurst,HiboWardere,HousingFirstUK,InspiringSTEM_N,JacquelineTate_,KeYouth4sdgs,LevyOldLibrary,LisaRingGA01,LoperfidoFranco,MitraMotamed,dbgrinberg,MrsEdithRigby,PankhurstCentre,RobertoValentUN,SAINTFAN1918,SoyCibelino,UKParliament,UNWatch,WendyESlater,amsafavi,charlotteh71,cosasdemanana,Dream_Rise_F,FScott5050,DNW2018,Chiefson08,5050Parliament,AdaTheShow,BiancaJagger,BrianHTweed,CAN_Femicide
leanneaf,umfpt,wpcguy,tklforgiven,tarquinrees,patriot_1776US,p3driver,HeathenWombat,Megavolt1,MichaelSteidel,MucusMucous,NelsonMKerr,PatricktheB,ProtoAtheist,ScientiaPercept,TakeThatDarwin,Tanya_terrell1,TheCOAPodcast,Thedukeistheman,ZachsMind,bumpus_lumpus,elizabe34873526,geraldpayne25,imkimaaron,impeachqueen,jeffschlueter1,jools6691,leaveherjohn,malo_j,matlar007,michellmybell1,naughtmai,JaTapps,HaircutSpock,DeanoMartino1,2020Wanderlust,2Cents69,Ah_Science,AntiCommy4ever,Atheist_1978,Bitcoinbabbi,Conserberal,DanielJNickolas
liberty_belle04,Miklang,DailyCoffee533,GovWaste,HouseDemocrats,Katheri73214366,KennRWeeks,Kybelle195739,Lucy2300090,No2GreatReset,RockwaterReport,RonaldKlain,SecDef,SenateDems,Tillman_40,Torrid_Zone,CSIS,AlexanderSoros,AirwolfRocks84,10903,apppro1,club_ed8,fedmech,garyelam23,jessejholland,klj998866,robgee704,sarmentovince2,schausdc,thejointstaff
lorirennie,susiesatx,melissamiller33,LibertyFan76,JimLongo63,CalTrump,CJTThumper,magibette,techBohn,Th3MadK1NG,acdan90,mastu52,michael_hardoin,mlramsdale_law,nikkiMerica,pv70264705,sf_jen,wellboy,PlanetTyrus,MikeKBerg,10ohfive,Bnmaui,CCintheNYC1,DOJPH,GracieNunyabiz,HealthcareWarr1,JeremyFaison4TN,JoyVBehar,MadMikeAndrew
beosazee,allinwithchris,ZerlinaMaxwell,WillieGeist,TheRevAl,harrisonjaime,ReverendWarnock,faubush,mitchellreports,thelauracoates,ossoff,mwolfers,morningmika,mjhegar,LindseyGrahamSC,KatyTurNBC,Jillbiden46,BetoMetroDos,AC360,JoeNBC,LeaderMcConnell,retirednavychi2,2035One,BetoORourke,SenCapito,SenatorSinema
ingloriousbhere,montimai,YazidiRescueOps,YourTimesCome,ZoharInside,chrispeterson65,coinabs,james_anderssen,wearewhiterose_,RoverDov123,OhNoMo6,Odelia_Too,Corp125Vet,David_in_Dallas,FredRosner,IsraelandUSA,NYCREMilton,SpartacusMyBro,1FIRE12,ALLEETEE1,FarLeftHate
badgeannie,mitsukos619,nancy_incognito,x4eileen,joe_nuzz,john4DJT,bulldog_spirit1,1Outlaw_,WorthaShot_FA,4Mischief,8_27J,BFes56,DannyMack100,Isrid9,JEM_NYC,Luv4RWB,MAGA__Patriot,MikeCompton,PalmDesertRat,PatriotSera,RedWavesCA
ltd765,BroomallSteve,CalltoActivism,CarmanK1,CupofJoeintheD2,DonnaJo1002,Harleysdad4,MaryLTrump,MzCheng363,Numbers28,PwrChip,carm2158,Vrimja,ccbovee,covie_93,davidstevens111,garybartanus,grandmabarbiep1,lisaarbogrant,motherspirit73
larryputt,JellyBellyYolo,JerryHa05057186,JoesphWindle23,JohnNun51353363,JohnnyDownes,JosephD27800936,Josephkojak,Josheb1992,TonyVenutiShow,Tracie91873300,angel_star39,joeStef56,joedisomma,joefuloshit,john_cadillo,johnmccauley8,jonllvr,joshthx1138,jorgan10s
happygirlinca,vonderleyen,SecBecerra,paolav80003464,theAPEXassoc,oliviam_hunt,joydelicious,EU_Commission,IFSAOnBoard,joepleader,MAZappia,MonicaGandhi9,TocRadio,UCSF,WB_070121,WHCOVIDResponse,XavierBecerra,fran_chambers
LongWarJournal,charles_lister,Mpolymer,MEI_CTE,TomTugendhat,clarissaward,douglaslondon5,kim_staffieri,theresa_may,vmsalama,RoryStewartUK,ForeignPolicy,DMiliband,GStephanopoulos,SCProcedure,diplocharlie,oryxspioenkop,pass_blue
palimenoforgad1,otisrex,serena_patriot,the3drifters,melajessi_1,lovsenature,fireman452a,bhennrich,Sbh08Mae,amyewalter,WayneDupreeShow,CookPolitical,BrianKempGA,RonFilipkowski,RepPfluger,RepBuddyCarter,RepAndyKimNJ,kwatts7304
Ireland0828,StCyrlyMe2,carreramae,lucilleaustero2,Hopey_70,MelodyMcnulty1,Nortonsmom,RetiredMITeach,Retirednurse17,RoseWillSee,StandForBetter,babstap,domas,gme11,skyjjj,srwynne9,tesscall40,wildkat57
cthagod,therealwombat1,Boschii,DianeToucan,MrTamhas,RabbiJill,TheSteveTheCat,TheePitts,Utleyjacobite,Veronicaromm,cthashow,emigre80,firedup79,notdecraw,porto1958,southpawgram,Bing7789,BillieO2
jphoganorg,KevinRobertsTX,VillanovaU,WashArchdiocese,yaf,pritipatel,jk_rowling,Brookes_Peter,JoeManchinWV,KarenPence,Mike_Pence,NileGardiner,REI,ScottWalker,Sept11Memorial,USCCB,WashArchbishop
JoeBiden,mo_art_mo,mattcoh68927804,tintinandmilo,freeman010,trufflebutterny,whiskersvtwin,seamstressterry,JGilliam_SEAL,communicatorpro,damnsnyder,ascentstrategic,actionnow1,joannew_montana,fight4assange,DOJNatSec,khrafnsson
TOLOnews,ormiga,rwac48,palepurshankar,narendramodo,kayjay34350,Tokyo,Modi,DKCooper2,vkthakur,nitinwelde,in20im,TheWolfpackIN,SCMPNews,BahadurManmohan,AsiaMTI,AdfPi
keelinjohn,NikkiFriedFL,MZHemingway,RepJayapal,tsoup16,TheSundayShow,NikkiFried,AnnaForFlorida,EWErickson,FBSaunders,HoustonChron,Jessicam6946,ananavarro,floridachannel,katiehobbs,nanwhaley,staceyabrams
thehill,tanner_rambo,pdjmoo,WashTimes,news_lnc,oneidashark,namjauhma,zkfranks,byron59819289,danieldhumor,6ixthgen,3lprof3,beachyattitude1,independent02,dougbmd,dreyfus_michael,fudgetosser
nmbewitched,rollca49,4paws8,AnnyMay76963772,DebbieS00060220,DebraDragonhea2,Englercanyon,Janetlynne211,JustMelissa81,MelissaRNMBA,MustangRehab,RevengeBunny,SandraK93322487,SecDebHaaland,WinglessBird_,ckarr2,reddogsusie
propc2020,republic,georgesoros,CalebJHull,Ahmad010a1,ArvinderSoin,Ayjchan,Byron_Wan,FaceTheNation,Laffincrow,MoHFW_INDIA,NavroopSingh_,PeteSouza,Sanju_Verma_,WarrenPlatts,skygod1956
francisjeffrey7,EtsiSusi,Snowden,PAA_Asile,Thomas_Drake1,gerge42,greekemmy,jackiemccaffrey,stephenmcrandal,HumanOfMind,KelleyALynch1,DCMetro4Assange,CredicoRandy,AnnBatiza,AnonScandinavia,BayAssange
yeshua4animals,Animals1st,Christinamayn1,pasaprimates,ECOAlphaTango,EndPrim8Abuse,JulieBe77816533,LynBern96289618,LynWrig06979763,MWApeRescue,Network4Animals,PerfectMisty,ShanLearns2Fly,YvonneHooper20,cvjonardi,julie_dutto
FoxNews,notwoke69861523,mikefoley2020,tawnylough,thebuzzcast,politicsoyvey,samajohnson3,ceoaetnews,alineinti,blankstare___,batman5600777,emilymerjan1,grampakong,haydushow,gitesatani
BekeleWoyecha,shegerh,DerejeGerefa,Derragodo,Fraol_GS,HermelaBrook,SheabiaForever,abdibateno31,afizejem,awel_zebiba,ethiopiansone,iyoba4u,jazzrk,tamru_rahel,yitagesutad
Bonniestillhere,jebaznieba,Birdie,Btchn2w,CaP21B,Hismercy_,LCD108,LadyFighter12,StrictlyHeavy,SurgingRite,Tragiicomedy,angelic1776,history_wild,jamila13us,silvermanmarkj
LucasFoxNews,pkiernan14,BreitbartNews,chevy419,CannConActual,Clc143,JewishResister,LukasBaker92,RandyRRQuaid,Target,alexinsdorf99,oyveyg,samc68931,am_rohland
mstmo1983,BillPascrell,Docstrnge,JackIsACommie5,KiesiHeikki,NCGOP,MaryLambertyb8s,QuakeMedia,RepRaskin,SuspendedMurphy,SweetsthecatLiz,desthezoomer,ianbassin
ingridebap,JenniferJJacobs,ojelibom,Dobbsgirl88,NormOrnstein,PugloverDeb,alan_gottesman,alaynatreene,ccinxs,duckmymuck,eligit,sirDukeDevin,CongressmanHice
Lawrence,democracynow,zater_barri,georgegalloway,jamescdownie,jncatron,toddstarnes,caitoz,RoKhanna,AJABreaking,AlterNet,KatrinaNation,grtamericanovel
AymanM,mimi18272364,timkaine,TJSin2Costa,SRuhle,brianbeutler,Yamiche,Litzz11,AlexHortonTX,AymanMSNBC,CarolforTexas,GarrettHaake,JakeSherman
SenAlexPadilla,natsman2014,SenBooker,szyoungs,SenBrianSchatz,SenGillibrand,SenJeffMerkley,SenMarkey,SenTinaSmith,SenWhitehouse,USProgressives,maziehirono,jessiealarcon4
charliespiering,wagneraddict9,BLSchmitt,CeciliaVega,EmmaHil42019577,Kristina0770,NTenzer,SpokespersonCHN,TadeuszGiczan,benjaminhaddad,bluejeanbaby728,cepa,martinoweiss
shiraglenora,j_bubbie,jonathans_tobin,mr_markjacobs,naftalibennett,cbrisk1,ellyngail,ariellas1,TimesofIsrael,Ibutterfly34,JohnKerry,Ostrov_A,RobertGSilvermn
itsmedonna8,BirdDissident,Deb90243593,KAYLEEBURRIS,PeggyCher63,RalphBr97911949,SkartveitNancy,TheElfCall,WolfeJanise,kk131066,lorac328,navahochick56,stargal46
irish_outcast,WokeJoke5,Aggieman20,Bree1914,DiscipleBearded,FoleyGaia,FrogFatCalves77,ImaP91,IndyMagz,LL4DJT,katstillhere,lovelifetan,mil_vet17
FAIRImmigration,guardian_elite,Michael_Yon,RealOmarNavarro,TelAvivUni,XHNews,australian,i24NEWS_EN,repdarrellissa,riskmap_,sabine_durden,uzi_rabi
CNN,mneamin,NickKristof,markparshall,rjpilkenton,robinwijker,potterxdesign,shaktiforever1,andresha_bass,Holyscapegoat,kennynorwick,ganguly_ullash
lulamayblue,RealJamesWoods,profitdoctor_,jamdef7,WhosFibbing,TomAver21243985,Tim_jbo,BluegrassPundit,BristolComSense,CarlaChamorros,Drealstudmuffin,OMGTheMess
howserob,seerosen_,hrome2,lrozen,StLiechtenstein,PCGTW,AliVaez,BrewerEricM,CCSI_Columbia,FlySafeCo,Kastorville,MartinBrauch
jwballz,roberth82437375,CalaycayRiedman,Da_Goat21,DysonCarl,ForTheWin1111,LucianArgues,MarcusY56287772,Temporisdomni1,chrisjamesrocks,eyemjimmy,henchnips
GOP,phillbiker,thereal96119019,wave2021,riddlewinnie1,sistasassylu,spiork,bmac2668,elleceey2,heathfisack,KopsMiss
picsbygb,PrincessBravato,AllThatsWell,mimi_elder,GretaThunberg,Newcoinvestor,BaddCompani,MrsMagoo15,MelifLewis,LucasBrownEyes,petercassidy20
washingtonpost,susanjsmith2,seanfeucht,musical2one,ChrisDJackson,DrBiden,Milbank,brikeilarcnn,cleats56,bamastephen,bat211
parnellwrites,JMichaelWaller,KariLake,veterandads,JenniferHorn,Johnny_Joey,JudicialWatch,ShannonBream,TheFive,dagenmcdowell,trish_regan
beyfirudin,McFaul,yalnizadalar,Doranimated,GeorgePapa19,JesseKellyDC,RichOutzen,cetinkayakoc,hakkiocal,worldonalert
ztruthmatters,GlennYoungkin,HouseForeignGOP,SenateGOP,GleanEthiopia,GovLarryHogan,Hagere_Et,TeamPelosi,Tio80707188,UnityForEthio
sina23296582,TravelGov,USABehFarsi,USAinUAE,USEmbassyTurkey,hoszimi,usembarmenia,allenorresq,sDiversityVisa,chiman00178991
proud4resisting,TheUSASingers,chucktodd,Isellmpls,LivingWillie,SenatorMenendez,cwebbonline,dibber44,shossy2,uncleeddiesfl
Comey,lilo623,polarisnatsec,DavidBilling10,FBI,JohnBrennan,M_McAdams,MontyGeoff,NRCC,RStrzok
BorisJohnson,ready2mix,ArlingtonNatl,FinancialTimes,angelneptustar,craigja98099614,davesumnersmith,elnurrik1,gkundra,Equateall
steveirons,karenandrewsmp,jpthebault,TurnbullMalcolm,ASIOGovAu,AlboMP,DavidHa30584721,EmmanuelMacron,MarisePayne,PaulBongiorno
WhiteHouse,niniyako28,muhamma04893383,suezq801,sipykup,scifibrian007,jg35580758,dianeglazier2,frequency_holy
governinprose,JayJacobs28,CarlHeastie,NewYorkStateAG,TishJames,melissadderosa,DavidSoaresNY,NRA,SoupandtheCity
SamanthaJPower,Twitter,belach2,AlMissionUN,Amanbiede,Meta,paraga,stesfa,xhacka_olta
realDonaldTrump,ruanofaxas,AdamKinzinger,KellyannePolls,MacFarlaneNews,ProjectLincoln,fanniebay,fawfulfan,kylegriffin1
moderaterepand1,TindellWilliam,Bromeo00,Emaxx2044,GuyManaging,RNC,border,Txsvn925,fk_ur_feelings3
brianrouleau3,jorymicah,LostDiva,heather_leisure,sarah_in_ny,brunchliberals,WarrenDemocrat,BCOOL333,SabbySabs2
adventure_77,DonaldJTrumpJr,mjbricka,walskij,coryshilts,CarlyFiorina,Reince,WRBolen,WarwickKt
leocosta2014,HardBoiledEddie,MarianS15522469,Tasies,WTA,desertcheyenne,drprops,hytoop,pastywhiteguy
AdamShawNY,katerina5k,JoeDanMedia,H798Tyler,KYShamrock721,blue_skies554,crowkneecapital,nickimayonews,paul_freetime
NeaminZeleke,DanielsonKassa1,dr_asrat,AmbassadorRice,EugenePuryear,JacksonLeeTX18,JamalMOsman,RepGregoryMeeks,marclamonthill
massive__dump,451_guy,NoVA_Campaigns,Pharrell,SUV_GOP,TeamYoungkin,cryptocom,eToro,stand_up_va
wedeservebett14,7Veritas4,DrJasonJohnson,QuoteDigging,SBWheat1,bridget123goooo,jpandre52,mjs_DC,thereseflanagan
rncrypto74,newsmax,dcarsoncpa,baxterbarking,jjhubbard3,don_1312,eddieallen,BobSellersTV,HeatherChilders
seanrohan32,Murraykeen,NickKnudsenUS,RearTodd,SicilianaI,aaarz368,blitzkriegbauer,gutgremlins,mdnij34
davwain1,vladduthiersCBS,AnthonyMasonCBS,AppleNews,CanadianForces,JoJoPeaceful,anyamariedobson,globalnews,tonydokoupil
_s9_9s_,digitalassetbuy,Cernovich,GaryGensler,RepTomEmmer,Ripple,SenLummis,SenToomey,gordongekko369
zemanlynnz,RepKevinBrady,RepDanCrenshaw,RepJasonSmith,WaysandMeansGOP,YahooFinance,foxnewsradio,jimmyfailla
jamespyles,PolitiBunny,LifeNewsHQ,BoundingComics,KTVB,KyleMartinsen_,RealDeanCain,TwitchyTeam
b1gten01,ABCWorldNews,CDCgov,AyannaPressley,FiveThirtyEight,FoxBusiness,kimKBaltimore,thefactualprep
JJCarafano,muccinino,hahussain,ashalexcooper,CassyWearsHeels,HNajibullah,Najat_AlSaeed,Nervana_1
criticasinmiedo,CoryMillsFL,ChuckCallesto,SolomonGrundy33,jason_meister,mels_fl,siddharthv1812,antiso6141
marymacelveen,bennyjohnson,cellossuits,QTRResearch,chigrl,amjad4q,bobloblaw555,khaleds_life
progenitorwesk1,cenkuygur,grantstern,roman31323623,cmsense18,amazingman80,joerogan,indianguytweets
rangerdamrod,AnMike7,RubinReport,TeaBoots,TheBabylonBee,TwoAForever,annenbcnews,kwesr
eyesonfoxorg,TheOnion,bannerite,danielmarans,diatribestress,NoBigGovDuh,MarkWarner,Dekinblus
pejzand,Kredo0,WalidPhares,Efshagar_Rasu,chawshin_83,Irankaraj,JonathanLanday,HeshmatAlavi
petunia_wild,mstratford,asmamk,VelshiMSNBC,RodneyClaeys,EugeneDaniels2,NPR,KansasResisters
PenFarthing,bear_geidc,BBCBreaking,CNNHeroes,PeterEgan6,conrad353,phillassman1,rickygervais
wadecountyjr1,yvonnewingett,goldengateblond,dannowicki,SophiaTesfaye,Bipartisanism,MittRomney,itf_tkdblkbelt
readanddogood,RBSTrarebreeds,Traidcraft,FairtradeUK,Daisybelll,CancerMatters,Camz99,CNDuk
bertwillie2,henri_mack,jbouie,abc15,What46HasDone,Croncakes,Ebiscuses,KaivanShroff
dropsquad_52,petty_gw,TracyfromCinti,ARaispeaks,CinDigitalMedia,GlennFromMason,Nathaniveytv,PamRam228
PressSec,srtransports,jmp022871,GovCox,DanaPerino,ShelbyTalcott,fox13
nancysantanello,SenMastriano,AuditWarRoom,RepBrianFitz,RepCindyAxne,SirJohnSteele,wade_tricia
thereidout,soulflytry,CheriJacobus,MuellerSheWrote,ericgarland,julianne_poetry,patriottakes
longmangill,RanaAyyub,Amnspeaks,MahuaMoitra,UNHumanRights,_sayema,hrw
chickwerner,StevenBeschloss,PatMalo28822361,TG22110,TristanSnell,duty2warn,faridghalili
mrsdurkinmuses,seanhannity,phillipnewberry,purnamadaya,collectthevote2,italosuave,jes8709
MSNBC,markfinkelstein,miketemkin,vince28548162,bana2166,jasonking_999,imprisionedby
orly_licious,TomBrady,JimDaigle4,Buccaneers,RobGronkowski,mtgreeneGA,TrumpBrady
GOPChairwoman,mrowe57,persistshewill,yesanders,senatecowards,blue4surg63,elizabe48619130
ozbatrisa,ncgazette,axios,sonomaflyer,brianschatz,Bencjacobs,qualann
akazo,JimInhofe,nardit7,trussliz,RandPaul,AbbaSheger,DNC
mistert_333,LetsUnpac,Valerygirl67,JerseyTechOne,jennycohn1,mango4242,reevynap
phd2468,dcexaminer,TomRtweets,djck_live,ACEurasia,AtlanticCouncil,melindaharing
patriotic_mimi,DanScavino,Gutfeldfox,depuy_kevin,brandonbrown_68,TheHitmanTony,barstoolsports
mrdgen,Breaking911,markietrill,therealmrbizzle,vader671,handownmansdown,cbdbtjhstj
oncorhynchusmyk,atrupar,mightyquinnusa,tgee21,_outta_time,amandalyzed,jjones235
DHSgov,davidjcomedian,EpochTimes,AlexisKat6,CBP,debbieleskolies,RepDLesko
lakeboss66,GeraldoRivera,bsw5020,pnjaban,thepoisontaco,truthserum305,BambiBrownell
martinmore33,JoeTalkShow,LivingBlueTX,TheOfficerTatum,TonyGonzales4TX,brandondarby,jaeson_jones
mariableuee,MajedAbusalama,connectingd3,haaretzcom,osman_brkn,swilkinsonbc,trtworld
thepocosin,CanonUSA,Gottemoeller,Walmart,joesmithreally,sectest9,shizoor
vicgerami,FrankPallone,OSCE,SFRCdems,SwedeninATOSCE,UNESCO,VahagnAvedian
villain1982,Reuters,shubham_ag7,spectatorindex,shedrills,aanpakkuh,don_conlan
beenice41,7NewsDC,Heather7News,LarryOConnor,NavalAcademy,SCPSchools,mrbcyber
anmike7,wsbtv,drmeowza,HayleyMasonTV,Katheri80943054,cbs46
cyndigist,SLULAW,bobbitalk,sendavidperdue,thoughtpro54,voter1vote
kennethkallup,MaryTetris,ziyaziba,biden,mvinwst,laurie_shinning
NicolleDWallace,stevesi28838948,walkswithhawk,underchadsspell,NewYorker,wrightr
maddow,wlfbfly,Bob4Florida,CathyJoeGPT,ckubeNBC,ltgrusselhonore
TheDemocrats,boldlybeaded,enlightened_d,boutiquedebella,ladylei,legsLilly
SenTedCruz,luisleonelleon,aadhoc1,brandonpolice84,jessicab1000,ducotekaren
searchingfor42,CAPAction,DanPriceSeattle,LisaMarieBoothe,SteveRattner,djrothkopf
howthewestws,CA_EDD,AsmCarrillo,CD_Legasse,JoeBuscaino,SecFudge
KThomasDC,delvecchiof,AnnieLinskey,JonLemire,josh_wingrove,shearm
tblackwe85,Trump,Bill_Maxwell_,DannyVoglesong,Stop_UTK_Now,VictoriaBaldas2
daviddurandmd,FiberSamra,OxfordDiplomat,dhershiser,gentlewomanboss,rogertansey
mkraju,marjoriesbuzz,campbell_elroy,IsaacDovere,SangerNYT,SusanSolomon
pdoocy,arizonabrees,disclosetv,lavern_spicer,jr_justjr,Keda_92
pamfarrel,DailyCaller,reenie62,bbqboy727,itsyourgrace,dmerdoc1
laralogan,joyoverbeck1,tedharvey,RonnaRono,SenatorRomney,randycorporon
mypurposefullt,CNNPolitics,malikanura876,tcarey65,NBSaphierMD,heartsmarttela
lenjc1957,AOC,Exit12BandLV,RepCori,RepMcGovern,edward6633
JessieJaneDuff,edenfieldpl,StandPortland,SanskritSand,MapleSyru_p,BrennerBrief
ladiguecapital,Kevinliptakcnn,NatashaBertrand,OrenCNN,ZcohenCNN,jeremyherb
layonethpr,RepSusanWild,TheDemCoalition,judecowell,gakeanekeane,ggforbes51
mikedsully,BigFish3000,DailyMail,DavidBozell,GerryCallahan,SternFBSuperfan
ABC,troy_g406,davisgoodwin,cufarlay,ashestoashes80,jlopiccoloesq
tannerboyle15,dlacalle_IA,janewells,steve_hanke,thegwpfcom,thisfahiemah
supergirlofsf,CBSNews,vagalau,cindy63306167,deafear101,kipoweezy
republicdeleted,DCPS,MayorBowser,OSSEDC,_DCHealth,Bunny0917
rockrosen,AvigdorLiberman,BarakRavid,Gil_Hoffman,netanyahu,imsrathore_03
ppioer,2rni3a_ezm,FAli1969,Israeli0071,jadogareshahrOZ,sadeghHedayat19
MarshaBlackburn,ak47319026,PMOIndia,Super70sSports,ecartsonis,gnwayland
shecht6,Cartajuanero,JSandoval1982,WHAAsstSecty,usembassyguate,bmarroquin2021
chinacrisisnow,EpochOpinion,LouDobbs,MsMelChen,NeysunM,anderscorr
debraslack,Nichola10104726,SOwl57,dblAA1018,djbowe1,richard_finn009
cydogood,630khow,AFLCIOCO,ColoradoKbb,ColoradoSun,DanCaplis
apsec1_,KellyFBabi,LarelleTIff,LiviaZito,TheAgentSculder,iamchanteezy
kausmickey,hbbtruth,henryolsenEPPC,AndrewCQuinn,CGreenbarg,michaelphirsh
borderstommy,idahogal1006,littledeekay,gtconway3d,SherrySmolders,BrianDeeseNEC
isaac71968171,Darkvizionz,FortniteGame,MooreKismet_,SilentSFM,Wadaya_Meane
thomaskaine5,damnkimberlee,nathaliejacoby1,janieresists,smithsgirl2
2haveandhavenot,CortesSteve,MySonHunter,RogerWicker,wjmcgurn
nytimes,thomas_e77,VoterFeed_USA,chattahoocheejb,JamesMelville
ericjafmn,IlhanMN,People4Bernie,daveweigel,notsofiacoppola
donlemon,skeeterbombay,Nials5,SJohnsdottire,MadMerlin5
conchi_gonzalez,GJGallowayIL,cooli00,paul_pm13,DwightNeville1
bhpanimalwatch,biannagolodryga,John_Hudson,andrewfeinstein,eric_kleppel
GovRonDeSantis,peacenow19,usa4vr,srfldec,bigsky3450
ifcomic,DorisKGoodwin,JuliaSweig,justicedems,U2
mattczeller,calicocalista,justinbaragona,ImDavidDunn,anypigslft2
mselephantgun,jmhansler,SenBlumenthal,df_lawrence,privacyguru
ilatif,paulkrugman,VincentRK,alfonslopeztena,bmorgan83
exmooron,mvankerkhove,EMA_News,laurieallee,rubic3n
MollyJongFast,cowcreekgeek,DustyAssKracka,LathamSaddler,jwickers
mindtab,CWBOCA,trump4_america,jj_talking,RetiredNikitaM
minettejohnson,BISouthAfrica,JesselynRadack,side_effects_of,couragefound
SenSchumer,lvburke,1ofaKindAmbitio,RevDrBarber,sectionprocess
business,naveed_a_khan19,lefty_loui,stransport67,dznet
Mediaite,asl3676,FoxNewsSunday,jacksonrichman,jck_ryn
politico,UN,ethbalon,ReutersAfrica,markc_anderson
pawsitivelyput,RWJF,RepThomasMassie,TrumpJew2,factcheckdotorg
NikkiHaley,tykattenhorn,talon7069,typingloudly,jubjub3000
JasonMBrodsky,aug945,StrickerNonpro,jhaboush,no_itsmyturn
laurapocasv,Charls_sv,EdwinFi18639402,RepKenBuck,USAmbSV
marydinmiami,Pacific_Airshow,alschaben,latimes,latimesphotos
nypost,zozoulia,cathy07464737,creek123,jan_ng16
mmpadellan,joecool212,littlecindy71,Jill_Jorgensen,NYCMayor
truebluesc1,itsJeffTiedrich,MedicVet68,transientnumber,BlakelyAdrian
stupendiblade,FBIWFO,cocorosas,NSAGov,TheOvalPawffice
ted_pope,CBSMornings,CBSThisMorning,TheAmandaGorman,poetry_nl
WholeMarsBlog,heibergtomerik,SawyerMerritt,truth_tesla,zshahan3
unspokentruthz,JCSchwartzProf,AttorneyCrump,Taniel,campaigntoendqi
visitorsin,BBCOne,JamesCleverly,bbcquestiontime,nelufar
jaketapper,konchu_klan,LilRdVet2,MomsThoughts,tatereeves
solomon_robel2,lfreemansafrica,abebedegefa1,YouTube,hiywot
sparky_6321,Rick714Canes,jeffersonmorley,maryferrellorg,typeinvestigate
samabe,StateHouseKenya,Yahoo,_hudsonc,walatekidan
sandy_mizel,C_Feedback,ElieNYC,NicholsUprising,joanwalsh
csojourner,DisneyParks,Snarkage1,WaltDisneyWorld,Disney
daryl_trump,tabruns,gatewaypundit,NancyWilson,WilsonParody
angelic_mtz428,gavi,_AfricanUnion,bekelela,JosepBorrellF
aussieintel,Orgetorix,SCClemons,Zathras3,joshtpm
1boomboom3,BernieSanders,Ivanthahun,USCBO,godelievett
brendaoncats,Arkansas111,CanBeto,SyulangAean,islandgirlyme
bobwhyer,SaraCarterDC,BonginoReport,JesseBWatters,kilmeade
boi_oprah,Janetfan4life,MichelleObama,cspan,wouldnotmind
beachrealestate,ReutersFacts,JohnCal32506570,SenatorBurr,princearies_
jackcoall,APjoshgoodman,bademjanbitch,jammasternate,jsrailton
huey1776,Guy04795899,PeggySchaefer11,kevinzh88,kimgoodspeed1
indyradio7,Blue_French_Qtr,arielboone,burgessev,ktullymcmanus
kathlovestennis,CleveWootson,JuddLegum,Max_Fisher,TheSWPrincess
katphiche,FT,federalreserve,elerianm,markets
ellencorley,CAARPRNow,JMilesColeman,jeremyrut,ntorok4
for_fox_sake1,JakeLobin,Maddog4Biden,StrictlyChristo,kathrynresister
glenthecreator,Drake,NAACP,RepBarbaraLee,TezlynFigaro
runeaglesrun,SecretaryPete,marshalllance2,aa_perry
oconnellbrody2,AmyAThatcher,DianeSwonk,rickklein
batten_von,PMEthiopia,maclarenbirhan,emmelago
shijesings,ninaturner,joshfoxfilm,SaysDana
SecBlinken,aradaanp,NanaiaMahuta,XiyueWang9
sahilkapur,fogbelter,Eastiemom,billscher
WIONews,karan91n,fawadchaudhry,palkisu
chrislhayes,312shelly3,PeterBeinart,god4hopefaith
SpeakerPelosi,clearthebs,aquaglass,jewelalee1
tedcruz,vote4justice47,shirlaadams,FrankLuntz
Newsweek,speakwrespect,DNCWarRoom,MsRuffles
torgo_is_here,49wildalaska,FreeholdFanatic,PamelaApostolo1
turnamericablu_,HouseCommerce,JReinerMD,SenRickScott
peted_805,BillFOXLA,RepChipRoy,camelotcestmoi
AliVelshi,archangeantoine,rainmaki,rolandsmartin
donwinslow,philtalamonti,RICHARDPARKERSW,watchdogsniffer
doolinwoman,AmyKremer,2020_re_VISION,julie_kelly2
IngrahamAngle,topimpanation,RaymondArroyo,cyndile47842441
WHO,heberebeher,coldplague,DrTedros
AP,whkilroy,axhandlejones,jefftendick
paltarajan,DaniellaMicaela,DanielEBennett,TimInHonolulu
pemdave,kaitlancollins,indianmalang,earlworthington
mktldr,WSJ,lodge20201,cyrusshares
pattyjones5129,americanwire_,SecGranholm,ScottAdamsSays
mosaleg,TatekAbba,EphremKesis,ryanmofarrell
mphenj,ACTBrigitte,beckyjolee,foxnewsmax
orlap2020,skjask,StandWithUs,MartinKonecny
nh03054,randygca,starfishnlatte,Antagonist_1
nicelady105,AshleySha512,CaravaggioGhost,aleuru510
ABCNewsLive,catmandoodlebug,DebbiePepe1,manueloliver00
BBCWorld,mahap,voicem14,seagull4a
KellyO,GavinNewsom,BretBaier,jkellybrown
londonmzfitz,Quentin4CP,BWallaceMP,gsrescueelite
Acyn,roseser38526924,doriepietrzak,DENISEWALKERinD
lindajaniebrou1,RealCandaceO,whitemj2,fulyrelyongod
lizstack117,RepKathleenRice,es_indivisible,jljacobson
kreecher68,GuyBensonShow,guypbenson,BenSasse
markeytime,ASlavitt,robbystarbuck,thebradfordfile
MeghanMcCain,blubaycrab,davidaxelrod,dylan0302
materc17,LesterHoltNBC,NBCNightlyNews,gabegutierrez
louisbrandeis6,ryangrim,rasputinish,brenjenmx
EBPatriot,JT4USA,huskies58763,Vet4DJT
lwhitepoweri,iamkemikal,smithvoltaire,epsteindara
CoriBush,poshmepretty,billjryan,MsTrishia
thomcincotta,QasimRashid,djoscar,BridgeProject21
CapehartJ,barrabarra5,KJP46,President
txwomenresist,LCBriard,TheTNHoller,tamronhall
jimcramer,wbaker1912,sandman55121,country_winter
DougDucey,dawnblueberry,DeAngelisCorey,maryjpitzl
stevero40104467,CContrarus,CMerandi,hoss_tagge
theherleburly,Chris_arnade,magi_jay,sbg1
TxDPS,sdrevik,BPUnion,TexasGuard
williamjgoode1,Joe_Hildebrand,mcannonbrookes,dailytelegraph
willtb1993,realLizUSA,ann1ebug,golficus
DeptofDefense,salmanawamleh,CENTCOM,USEmbassyJordan
wlkgonthem00n,JohnJHarwood,cleantechnica,yeawelltoldu
xr_pdx,grist,jamieclimate,josephbwinters
JohnnaCrider1,kennethray25,devryuniv,TeslaPhx
weateallthedodo,DeeLee1424,DomainJulian,SFGate
vamosmets,SpectrumNews1KY,joshrobin,JuliaBenbrook
john_sipher,CIA,kelseymariebell,SenFeinstein
reviewer_news,thedailybeast,silverthornn264,mattklewis
ricklevy67,Bonjourno_boy,ScottMorrisonMP,randlight
rene_los,hubba9999,GriffJenkins,News4SA
realnorac,ReportsDaNews,ignored_the,kimberbee64
rstandup2theds,MichelleDeskin1,TheRickWilson,HopefulforUS
rodneyinct,realDailyWire,amlan_c,investorvictor5
TheLeadCNN,kesbug,GloriaBorger,lbarronlopez
RonnyJacksonTX,sharonmaclise,Sultanknish,cumberickman
raymasseytweets,DailyMirror,MirrorPolitics,PickardJE
smakr61,BMACRESISTOR,Dracovxn,tonylovasco
starlord35,50linesonly,ProgressiveG2,TwitmoWolf
steveeisenberg5,BobLancia,Lancia4Congress,startchangeri
soylibre82,MaElviraSalazar,danaedeasa,BelgoCuba
sharoncarbine,deNutrients,IrwinRedlenerMD,KathMLee1
crampell,criticaltnk,KarolBrown,KerryWMartin
clubfunsoccer,jrpsaki,allidoismix,YALiberty
christo93199773,snb19692,PhilipRogerson1,its_johnmartin
cindyaintright,Gitmo33,QZMJxDHmw9SLyKJ,sweetjesus2000
caed75290036,CAgovernor,agentcurieuse,upser001
canttweet4,tobeycakes,1foreverseeking,ShuForCongress
jimmy_dore,atobiruk,DonaldTrump,dagmawit_abebe
rockytalwar,andrewblankhill,CawthornforNC,Wrestlinggirl48
danyboyversion8,Timcast,americanvalue21,advocate4mmj
atxblackmamba,ChrisJansing,JoelMartinRubin,RuhleOnMSNBC
2020comics,maxpcohen,socialistboomer,geesungee
allanimalrights,jdo_83,reverslab,veganfuture
SarcasmStardust,brainscience03,JoshthePagan,bayarea_bias
bigbindian,DaveSwindle,JradRabel,joshdcaplan
brianautry10,DiamondandSilk,drsimonegold,drufause
bombast47876007,45rapeKatieJohn,dimo84365952,JenkwoodWoodard
ivanx00,19martin74,StephenKing,mikevolpe
israelzelalem,RepKarenBass,BilleneSeyoum,Noslata
jarro56,Igh0108,ToryShepherd,kailaswild
jamesak47,afneil,Guto_Harri,johnlucius
james47710,SenatorBorrello,SenatorOrtt,nysenategop
hemsleymarty,FidelisToJusti1,ScottsHusband,realTuckFrumper
intlfirearmsfty,AaronParnas,KatemadeDesigns,motherearthradi
jes_bh,RobelRobe1,althecat,arishapiro
jondkatz,KyivPost,McDowellCenter,PowerVertical
duckpandemic,BCTGM,RickSmithShow,WBAI
finchhaven,JoshuaADouglas,Natsecjeff,ddayen
gregoryglake,Liz_Cheney,NYDailyNews,news___online
elnurrik3,NorwayMFA,googlemaps
FLOTUS,queen_ethiosaba,sho76fo
andrewcuomo,potus46facts,Turnonstan
VP,nitadidit,ameensajwani
Sen_JoeManchin,conguiney,corinto1965lugo
acharya7114,AdityaRajKaul,Abhina_Prakash
DineshDSouza,sand11102604,kutz_cole
joncoopertweets,nolietees,jerry_bier
HouseGOP,trustysurat,RepGregMurphy
robert_weiter,CarlJuneau1,GnusPhaik
eliehonig,chilesyucatan,JonFlan
HillaryClinton,patr1texas,pam44603992
AriMelber,daddybg,MaxBoot
WHCOS,oneminsoapbox,hurrya1
2019ibeatcancer,Davidlaz,Eugene_Robinson
StephenM,clairebquinn,justrumpp
drabumenila,TarekFatah,BBCYaldaHakim
teferaserawit,USAID,ethiopiawit
PowerUSAID,missgelila,fitsumayele18
dreamgenie3,mehdirhasan,asadlionofali
evasiu21,NATO,anneapplebaum
JackPosobiec,whykeybiscayne,joshou04662845
johnferris20,JudgeJeanine,ffweekend
JudiciaryGOP,luigislogic,RepDanBishop
peterdaou,jfk_allivestill,KindnessOverH8
plamrecruiting,TelegraphHerald,edokeefe
pcc_texas,GregAbbott_TX,oligarchscoup
pfan62,NoLieWithBTC,isabielsky
BoSnerdley,inabigway,gbrokmeyer
CREWcrew,rrrusst1,UROCKlive1
mizraggy,Bakari_Sellers,bactor21
mrtnyhands1,kelliwardaz,realJoelFischer
momosaysso,ChuckGrassley,cynthialbo
montserratte4,JohanaTablada,yanetdcuba2020
Angry_Staffer,jillyjasper,devoe1117
onevenusthrow,ScottDuncanWX,564FIREPhoto
nelsonclan,brianstelter,danablankenhorn
samstein,borden_bk,jstring20
nayasala,NARAL,JamaalBowmanNY
davidsirota,cynthiabaker773,boy_inthe_city
ny_pam,MeidasTouch,mayacohn
nypepper,fud31,maggiomatt
omegaglory1791,EricTrump,donaldtrumpjr
mtgreenee,tutazca,spbmckenna
ohsweetsam,OccupyDemocrats,men_weather
mzeppola,CNBC,danishh_97
pepesplants,AliciaStump,Astra_Ebonwing
mikepompeo,aberanetsanet,andersonDrLJA
natnael98136933,AbiyAhmedAli,bringbackpeace1
orxxca,TheEconomist,lifeisawesomish
otrwithpeanut,AmericanAir,DanCrenshawTX
nannie169,GregHilburn1,LouisianaGov
imillhiser,lnwyd,waltshaub
katierogers,limeritweets,kurteichenwald
KamalaHarris,longisland82,xxdominicanxx
PentagonPresSec,potusharris47,alexbward
legomylego,betsy_klein,markknoller
Jim_Jordan,chief_zero,donf0615
libertad4ev3r,PolkadotBoss,davidgokhshtein
GBNEWS,AFP,chrisimafidon
krummel503,NatlParkService,julraye
kuchiye,BronwynBruton,mekdeswd
kyliero78307259,LabordeSheila,sixroths1966
layofflist,kyrstensinema,donaldjerktrump
markrothschild1,ccowboy723,lucky_allycat
marulolipop,OVargas52,_centrista_
marcuspun,CaliforniaLabor,seiucalifornia
ClayTravis,texan18361,NFL
millieherrera,MiamiHerald,oppenheimera
AlinejadMasih,voice_of__iran,johnflexworthy
DeanObeidallah,midwestresister,JTraversDevine
mblackeagles,funder,beejcat
mclozano1111,StephenGlahn,TuckerCarlson
medellinemil,RBReich,bigtimescorer
metalrabbit13,IAmPoliticsGirl,JDiamond1
michaelpodwill,RQA,kokomored1
michaelprush1,TheFirstonTV,ctw20001
BarackObama,marcorubio,cubandollbaby
MailOnline,cartowski2006,joetke
mandyrudenc,collinrees,Interior
m_dannenberg1,James_S_Murphy,ThePlumLineGS
mam74368780,KeepItBlueDems,politicsusa46
lumieresprit,PnPCBC,cblackst
luqmankhan555,PalBint,tommousk
luttekikker,gmqureshiwr,natiqmalikzada
thrugateofhorn,PostOpinions,marcthiessen
tibetpeople,DrSJaishankar,ndtv
tigerknowz,apmassaro3,catherine_lucey
tommyscroggins,dolly61691877,johnrich
truths_matter,PennslytckySue,ZupancicJareen
tungdennis,cnnbrk,sorefingas
RepMcCaul,its_eritrea,AmanpourCoPBS
twiggyoh,PaulWDrake,PawsofWarUSA
tonybooth75,British_Airways,JFKairport
trexia69,Benaskren,JoePompliano
troylynne1,HowardMortman,fol77sunny
stikedc,MeetThePress,jheil
theamanazhar,AlanEyre1,MichaelEMann
PalmerReport,vivianactivist,brendaperrott2
y_mian,TRTWorldNow,dada_jaan_
yadah21,AngelaRayner,KwasiKwarteng
zach5280,kevinmu22221535,zhedlee69
villa4assembly,PSLNashville,pslweb
ultm8swfans,atptour,jon_wertheim
unionbuster,NickBryantNY,janemerrick23
ushouse2022,BillBaar,rayhanania
usroute41,PondSagg,schwartzbCNBC
watchman_wall,iamkcurry,sashakaralou
lisanandy,cott40m,MarmiteSteve
ChrisMurphyCT,rethinkingeve,MsLaToshaBrown
w_k_martin_iii,HosseinRonaghi,Sadafbanooo
riobarnow,leakservicer,slylerlav
realhumptyb,BBCNewsnight,TheScepticIsle
realjamesusa,Alicia64141049,JMarie_America
realneilc,KarmaBitesMore,KevinMKruse
rebeccaventer,FreedomForAll20,ZoeytheDal
JohnCornyn,deewadsworth,crossposter_jb
rtruth64021152,CDCDirector,KatiePavlich
ru_pretty_2,BrianBrenberg,FoxFriendsFirst
ruhaanikhan,EstherSolomon,bainjal
rossty5_n,DisavowTrump20,tjbella77
rr7lv,JohnKasich,g20org
RahulGandhi,shaileemaliwal,SupriyaShrinate
polls_unbiased,Alexander_Tin,reviewjournal
rajivsinghmau,ANI,humanhumanright
ralphlcampbell1,TiffanyDCross,WhiteRabbitNN
ratsofloman,NBCConnecticut,WFSBnews
quickbrownfox12,NewJeffCT,Msdesignerlady
kovo1029,jonkarl,TerryMoran
pyr0sa,NASCAR,NBCSports
slipperyhero,FeverResists,skiddnee
smarsilia,StellaMoris1,bellamagnani
snarky_op,govkristinoem,michaelpfreeman
snowsrage,EricBoehlert,bethh_persist
shirtsatm,davidmweissman,serusmom
sick_of_bias,MauiWith,OccamsRazorCuts
staymasked85,JayneMarie007,victormanuelje1
stephenmedlock5,colinbrazierGBN,stephenmedlock
stevebradjourno,AlexThomp,margbrennan
scottlambkin,AJEnglish,osamabinjavaid
michaelgwaltz,shafiqazimi,DecolonizingPAX
selinb,Joni_Looking,OliveriJackie
sequi_simon,LeilaniDowding,Stevef175
shadyhousewives,ICEgov,JakobJohnston
coastalaudiox,btc2008,kasie
GordonGChang,badwolf70,jonsbass
chirpingkatee,cocosette7,kathyvolfan
cam1eddie,AdriaIrahetaTV,BN9
debb65762723,JontTrubek,ShaunHumphrey65
deezbeeskneez,ImSpeaking13,leannebug
d_freiheit_,AUC_MoussaFaki,BFMTV
danclusters2022,USATODAY,srj5679
annsummtbe,SECGov,jungleincxrp
anagin40,BruceAHeyman,BrianKarem
anartfulpenguin,AsheSchow,kara_kirsten
authorjoenbrown,ReallyAmerican1,ericfortess
arshad_usa,aftab2c,qureshik74
artemis888infin,BlackKnight10k,girlsreallyrule
78tiger,sullydish,miltimore79
abcd123_abcd123,GaRepublicans,SamforGeorgia
alisonwildlife,TomJChicago,VOvegan
alexwsachs,CommerceGov,MissouriTimes
allinoneboat,GrandpaSnarky,tweeptwerp
allworld_gt,CBSMiami,DeFede
addis_berhanu7,SenatorRisch,dejene_2011
adriancalamel,Daffodil27,MPPregent
africainsights,CSISAfrica,JDevermont
blksr71,rcwhalen,JazzShaw
bilisumakegna,Tihgi3,ncambirwa
brady1204933030,deepgreenresist,domesticsupply
brendaa24168120,Dorrie027,krosp_donna
bnegusei,Politics_Polls,Suffolk_U
bobbyjoeybilly,HSGAC,SenGaryPeters
bama_girl2020,ALGOP,RepBarryMoore
barriofinito,RayBurtonSAS,bonsens45
ivartangen,SenRonJohnson,discangirl
j1dom,AkanKwaku,DanielaNadj
jaakkolakaarina,TheRealHoarse,jacieminniepep
jabat49,TomthunkitsMind,foot_ame
jag_meister,ArchCordileone,cnalive
jan_20_2021,carlquintanilla,NormEisen
iot_pat,Soxfan311,DividedWeFall99
iamtumilola,InshallahSZN,LateefSaka
inocentenyc,benandjerrys,nytopinion
indiewomenvote,Lubchansky,ashleyfeinberg
jeffmar34788944,fred_guttenberg,matthewjdowd
karenmoulder4,ReturnToFreedom,VailDaily
kas_sb,AmandaMilius,MGadsden1776
kateinelstead,blue08260764,Ellebear0123
juliadecadenet,SawyerHackett,moonlighthalo
kenworth_mumma,PCHunter_75,sunriseon7
kevin_matthews_,TimothyDSnyder,ZoeMcLaren
katywh20,PoliticsInsider,RandyResist
jewessnista,Kukicat7,JordanSchachtel
jhb430,MadelyneRants,beakerweb
jerrymey6,JohnBoozman,RepFrenchHill
johnsullysfb,jawillick,Orangezipple1
johnplatner,HotlineJosh,PatrickRuffini
estergrensue,Lauren01434817,jjb0261
energy_tidbits,ziannlum,bjlefebvre
fatukoroma6,BlackspotUg,PoliceUg
fedupmarine1775,Thecrooklynn,itskerrii
fellwockperry,Fight4Assange,billm9
ewrock24,LoganDobson,ThePowersThatBe
dp3894,RealLucyLawless,tedlieu
SDonziger,detous,HonorTheEarth
didou,maiamimi,RodRose2
diabolic76,SenatorDurbin,immivoice
eagletallion,ATT,ctallion23
eaglewi75749618,bpolitics,kbolongaro
heavenlyguides,COSPaulT,laurie_ohio
frequentbuyer1,colby_giffen,scdp
fthe615,VoteMarsha,jbbailey919
flanole,AhmedBaba_,sandibachom
fran_neena20409,DebAma818,maddenifico
glenp,Thomas1774Paine,TruthGunner
gauci10p,MarkoGreen80,RyanDavidLowe
geoff_deweaver,T2Rantor,granteolsen
gjoneill,cnnpruk,GeoffRBennett
aria468,Bucks
StateDept,ambawgenet
staygoya,TerryMcAuliffe
cspanwj,freelancer61
GOPLeader,jerchul
mirandadevine,tzeetch
evangelistmdyal,AngelWarrior320
Heritage,fdecenso
RepAdamSchiff,0studentdebt
Acosta,linasz
MaddowBlog,newsuendo
toughone6,RepStefanik
truthandvalues,wayne5169
JoyAnnReid,pmo1346
beewilde2,CleaveDenise
TulsiGabbard,vasireddyking
markmoss_,Rasmussen_Poll
elonmusk,newkirk3newkirk
Chellaney,kiritpankhania
StateDeptSpox,mahmoodalamin
th3_0th3r_sid3,RussellHunterAZ
justin_4america,SaintFrankly
RNCResearch,djsimpli
NBCNews,morokkan
atensnut,dreamyluz
william15898879,GovMLG
tribelaw,gothconsrvative
Forbes,arashkanani
pexul23,noahbarkin
RepJimBanks,zardiw
pharmartist007,HunterBiden
mlmucci,JoshuaHol
pitdragon77,tommychong
patronusdiaboli,RedState
mischaedm,Baos_Press
JRubinBlogger,blowncall1
pattywc,PostRoz
paul47evans,DarrenPlymouth
RT_com,dr_waqas_iqbal
molulkowski,maura_resister
mr_rajvaniya,HarrisonBecker7
oldfrie84,TimHannan
nigeace,Nigel_Farage
nelsontorres,DEFCONWSALERTS
neverbow,BackAgainPeeps
newherizon20,USEmbassyAddis
SenSanders,j_macjordan
newlondon123,RepNancyMace
newyorkwander,LarryDiamond
SebGorka,nopasa
njfasteddie,vulture
nordiccalisto,ProfessorLogos
njmike731,1988Vor
oklovell,RepChrisStewart
munawwar581,TGhazniwal
munkaila_awal,Belfa67127922
muse_murte,okstate
myind2030,FulbrightPrgrm
nancydolemcguig,vademocrats
pale_dot,ImperialLuis1
msunitedam,catturd2
mtaylorcanfield,harveyjkaye
mattgaetz,michaelvogler15
outtheregma,Mikel_Jollett
peterbakernyt,kaoconnor
outerspacemanii,MarkJacob16
ggreenwald,greenpartyofnj
leylan0nmove,Underground_RT
lgbtqi_info,SoniaPoulton
laurenboebert,laser_dude
lisamaret,taxreformer
lladybugglv,RobertCooper58
lnsmithee,stillgray
londoncomment,paulafr68963440
lillymckim,CUGregersen
krscott1984,ADmomof3
krwx2,RepZoeLofgren
kylyflyly,MarkMeadows
laboomer68,RonThayer4
ladeejayee,StephenMoore
laflemm15,lynchem1
larsene76,ZekeJMiller
latinosfor45,TammyPaulson20
lauraleeblog,ScottUhlTX
lbates702,KatieDaviscourt
lbcpundit,AccountableGOP
marks_joan,jimsciutto
marthas_vinyard,JennaEllisEsq
TheLeoTerrell,ronin4hire
marcusaureliuz1,SBF_FTX
marinagipps,AshaRangappa_
mihirmeghani,aishabbwahab
mike_musso,LebergerDavid
mikasa4231,RawStory
mastino1111,nywolforg
maywetriumph,GailRychlewski
meehancampaign,TrumpWarRoom
mekuriaabay,nimaelbagir
mhhoward_al,mschlapp
marco35117419,Veronicaboomcat
manmohanvirk,SinghSwaiman
mangomukka,oncodebrotha83
TheRickyDavila,carylstama
madamyez,pfangirl
magaawe,RobyKatz
JoeConchaTV,harobedretsiger
mamalehtrumpog,RepAndyBiggsAZ
mammoth_trump45,ImQuishaK
lvote2020,SierraClub
RichardEngel,gmfoote33
threemipsie,austyle70
thseldo4me,ACTforAmerica
PahlaviReza,byotreb
tipospear1,protocol
tirawajoy,Barbara23969827
toddcouv,JeanneRae49
tomcopsonjr,AdamSMinsky
theveritas4,Keir_Starmer
theyoungturks,AdrienneLaw
thinkbigwinnow,Trump07
tomwats82580621,IronLeagueThug
trumphasgot2go,wargy1
truth2speak,MJGerson
turntnblue,ABCPolitics
two001snake,cSEXI4
tygrrrrexpress,RashidaTlaib
tracyhutchsgt,PirrohasFans
trippwhitbeck,townhallcom
ComfortablySmug,alexberger56
troyfauber,GeorgiaLogCabin
therealtwfuller,CarsomyrPlusSix
susboz108,Danielle_Alva
suzisuperkitn,9thFloorAZ
SenWarren,gb1634wis1848
tailwags4,Mary26041
steven33thorn,Telegraph
stienwmf,SteveDaines
studioschatto,AnaCabrera
stuysquare,LidiaNews
subutay_to,CarloMasala1
suhweetness90,TheRightMelissa
suraiyamakhdoom,usconsulatekhi
the1tigirius,libsoftiktok
thealte22837262,imetatronink
thedaveweinbaum,kimmiintx
theds_pk,JeremyMcLellan
tfield320,EpochTimesChina
texlyn82,SecMayorkas
TheHillOpinion,voiceof_wisdom
terryinsocalif,kayleighmcenany
williamjkelleh1,ryanl_hass
williehow1,GBullstein
wozxambassador,lombardodier
web_buzz,DeptVetAffairs
wedimeriet98,mamamesay
wethebrandon,MacaesBruno
willdye4u,BrandonLady45
yila88,Guerrerotony161
yojimbofukuyama,voteractionproj
youmanbeingwom,AbdAllah_Mov
youngdynamo,jack
wavewins,ferminfini
vdfromatoz,DearAuntCrabby
vegascarpenter,RepLizCheney
ugafantim,Truth_Gazette
ultimativcars,Only9built
unwantedr,brithume
uppercasey,CariCorbett100
us_latino,KaylaChowShow
usnrcec,RadioFreeTom
visionaryagents,beyouonlybetter
robreiner,demproductions2
CurtisHouck,gabrielc2116
waltermaried,DashaPruett
vivapenna,PeterSweden7
vjp01906,TheBostonPilot
votingblueintx,arieitanzoe
vvoble,apec2021NZ
vwivey,lkjtexas
reppress,sarahbeth345
retail_guy,IAmSophiaNelson
rezzurektedpoet,BobRmhenry1
rich110300_nyc,tomselliott
richard14483002,rdp24k
rickhughes01,RichardHaass
rightyjim,GrayConnolly
roadto175,RepBowman
realkctrumper,RealMattCouch
realthecoon,Jerusalem_Post
reflectionsbaby,MajesticDrama
removekavanaugh,JeffreyGuterman
ruthdaster,EkeSate
robsatloff,RHCJO
robtampa,CarlosGSmith
rocklineadv,NicolaSturgeon
roderickedotcom,WendyRogersAZ
rodmickleburgh,YukonGale
roomsforrent7,dilanesper
pldanzis,DrEricDing
radmanpour,kambizf
random_paul56,theMRC
randyavila11,AliMayorkas
rabietahaghadar,Nadiaglory
WSJopinion,pwrhungry
psychicoutlaw,aprilmbean
smartypot,BryanJFischer
smiledaydream1,AmericasVoice
sneaker2speaker,JackMurphyRGR
sociali04281481,Perpetualmaniac
socialworkerlsw,politvidchannel
gantzbe,grandmomliza
sarahkendzior,dorothybeach
shruti_nanjangu,StateIRF
sommerstar,Ben_VL__Amrhein
st_sinjun,brianPr86073081
stanhartsfield1,pizzaman72712
stenderstender,Cokedupoptions
srikglobal,DiMartinoBooth
squibby2000,RadioSilentplay
southercandy,Alyssa_Milano
southtampa_dude,RonDeSantisFL
sajidckp,MiddleEastMnt
scottdistrict47,RepDarrenSoto
scottmofficial,cf_traci
sdlizlifestyle,MARCANDERSONNWO
sciclo1,JoostNiemoller
sajjadamallick,MIshaqDar50
sc2425,NewDay
sanderdewijs1,kwanzaaproject
sanjeev45233089,PattyMurray
sarahmoorcroft5,Tobias_Ellwood
satnsfrnd,NessaWilliams
savanawoman,Alex_Verbeek
sebastiaocarmo,DelbarTavakoli
sebwrites,ChrisJZullo
servito_subito,mbk_center
shabobcait,LawrenceBJones3
narendramodi,jack_exa
chetbtester,SthrnMomNGram
cherylheffner1,WarrenDavidson
cherokeluv,leslibless
chefchristianp,SenatorTimScott
cederxcrypto,CoinMarketCap
changeengineoil,madflavor
USAmbUN,asfaw06107598
chasfredrickson,NathanEYates
coeus61,iingwen
globaltimesnews,jayi_wang
cmh21518648,itsSpencerBrown
WalshFreedom,famousmred2
confunctionist,BrookingsEcon
cmm912,EverettStern1
cjanerosse,kathymitchell56
cdbrzezinski,therecount
cclienhard,camcurt13
briley8557,johnrobertsFox
bronrott,ktumulty
bsstack11,MSignorile
buddyfromnj,dccc
bugoutalley,RexChapman
bwelkie,chipfranklin
carlwagner2,Lancegooden
catmchale,AP_Politics
catsdogsmatter2,PhaedraXTeddy
carlosmorenojr,dahboo7
c_w_uk,GirlMom2x
candacenyc2phx,8675309_6
davidgirma3,TiborPNagyJr
_whitneywebb,diawaraousm
deanakindt,RepKinzinger
deanpor72648316,BOEReport
debra__sweet,carolrosenberg
debwalk19961736,LiveOnTheChat
deeblog2,dianeyentel
customwww,1Republic14Star
cubscoutii,jeremynewberger
cultpod,Strandjunker
cutwitts,DogCrusader
cyclonejohn,YeonmiParkNK
csigmashow,zerohedge
countercultureb,ptbray
countyliberal,mayawiley
cozy1614,LoveDJT45POTUS
crackedmojo,nbc6
cynthiaharless1,AgapeLove28
david5330,Yolo304741
david_latorre,CoachJEB18
davehorn_ca,RepBoebert
d1stractionbeky,benshapiro
d2summit,senrobportman
dannysedona62,EliseStefanik
ewarren,gmoneylove72
antidictator13,deafowl
anupjaiswal1958,iRadhikaGupta
anytimeabs16,DanCook26214426
americancat16,jerrywaynear14
americarisenow,James07847947
amp_2016_2021,CBCAlerts
amyyanni,HunterJCullen
andrewblakeames,TheView
ange1914,ExBulletinUk
arabnews,amouallimi
austin_m91,CynthiaWolff4
Liz_Wheeler,doohickey1040
averyvotes,BarbaraMain07
asim42a,HNajafizada
arctic__char,SenTomCotton
arnepetter5,AngieSkys
artissr49,tonetalks
asbsmartbiz,RyanAFournier
904mae,Scaramucci
abab05390111,kclemson
1shelleykbooker,VanWagoner
1sourcenow,larryelder
ByronYork,frenchie2021
30actruth,January6thCmte
4e5hr,davidgura
absolutetruth4,OzraeliAvi
aleczender,RepFredUpton
aleekeleke,irmoralesl
alexsimonelis,BryanDeanWright
alienrebelll,AmrullahSaleh2
alikat747,marceelias
amaurysart,TimRunsHisMouth
adaobiwude1,USinNigeria
afghanallyevac,shawnjvandiver
afumar,USUN
alas3k,Richard_Harambe
ajitbhaskar8,AparBharat
akasgtmom,NewGranada1979
akusomcpeith,wayneakagi
alanmcarthur13,RepMTG
billdole7,katalin_pota
bisratlkabeta,AmbShinn
bjornhandeen,CarissaWolf
black_celts,RWMaloneMD
blackzorro07,labourlewis
bluejuniper2,ScottPresler
bijann,farnazfassihi
bgent3,patsajak
bigtomroot1,JoyceWhiteVance
bgpol,RepublicanStudy
bmozzonimaz,JoshShapiroPA
bosphorus_7,squawksquare
boulderleah20,sleepysmiles42
bobebbop,districtai
bocojodie,PamKeithFL
boldlywyoming,jbendery
badwolf303,EdHull8
bag66u,NewsHour
bbbusa1,amcmoonape23
beentheresawit,jozieozie
beingequalera,elizamondegreen
iu70us,TMoe_Tx
izzmeeo,LangmanVince
irollsolo_,Quicktake
ironix_2017,Sifill_LDF
jbnjack,AshleyBurkeCBC
jaymaxmabry,ksorbs
jaymersun,VegasJohnny
jaymusin,DLoesch
jblackie01,USBPChiefYUM
ioannisgeorgia9,DoonesburyComic
hughpmullen,davidmcw
hustonmckinney,KorbachDebra
iam_orit,NickAdamsinUSA
icaresowhat,SecYellen
hlalost,justthinkit
SkyNews,erstwhilian
inkling61,marielsaez46
inlandempire79,Julius_Kim
innocentdevilde,dna
intelcymru,DavidVidecette
imanuela_e,ChristinaPushaw
tylerpager,jesusshuttlez
k_gebru,AlemayehuGK
justicegirl6119,495eaglerock
jusplaintalk101,l78lancer
justtrumpem,jar_roger
kevinknightnj,EastSideDave
kfielder01,thefisherbee
king_jray,Suzy_1776
jimbill1992,DickDurbin
jgiansan,OANN
jigsawjulian,jsimpkin32
jillasmiley,LuBonLez
jineshsanghvi,David_J_Bier
jjorge702,LMOAlcantara
jlarock,SonnieJohnson
jmassage313,TomCottonAR
jennybaxter1,LBC
jerseyvillian2,LPTexas
joquinnbtchycat,BMeiselas
joyb37,LambaAlka
jon4vermont,Amy_Siskind
joanblair,BrunoAmato_1
joannefmj,jcobb1058
john75350269,roygbivextra
johnmeekins7,RealityCzech12
eneubauer,MehdiHasanShow
ereillyt,samjmintz
PramilaJayapal,healthcarehi
erikcaata,Public_Citizen
ehorchuck,JakeSullivan46
ejnyamogo,StandardKenya
electromen82,Shellie_Ratliff
elegaspifrias,samuel_garcias
elitnidukljanin,DritanAbazovic
elumos,EoinHiggins_
factandrumor,USAS_WW1
fantastics__12,charlieputh
fergie672,nicholsevansfan
ethiopiahailey,ChadGilmartinCA
etsehiwotgirma1,breaking_bre
evolvingmanlbv,MaryMargOlohan
ex_cult,The3rdFinger
donnadefazio,middleageriot
dematadore,murtazasolangi
democracy_2022,JENFL23
demscorruptlia1,Rotski
derikv,TokenWasp
dianeg451,CiuroKathryn
drwavesportcd1,USRepGaryPalmer
eastern_gate,meena
drbianca84,brianlilley
drjohncav,VickiKennedyMA
drmaturin1802,sarasadhwani
graciesua,dunquetusei
got_leader,VegasStrong13
gregcrennan,TPostMillennial
harkim3,CarlHigbie
hartlymattly,TenBillionIQ
frandow68,BillKristol
frandsen_paul,Nobody06451285
frankie_da_pug,sayitnspinit
fromminneapolis,mtracey
gailrb3,LizShuler
floridamiz1,SteveKornacki
france24_en,ketgorjestani
glynndems,SarahRiggsAmico
gloriar56965767,JonErlichman
gaiusmoonnus,gokhshteinmedia
geracarrillo6,AndrewCMcCarthy
gandhigenious,BinanceChain
gerald_nasjagu,GFarooqi
gerardmcneil5,WendyMeer11
getinowherefast,_ParkerKnoll
giada62427771,guardiannews
gilliganista,domtorro
girum75,jeremyscahill
